--
-- PostgreSQL database dump
--

-- Dumped from database version 14.6 (Homebrew)
-- Dumped by pg_dump version 14.6 (Homebrew)

SET statement_timeout = 0;
SET lock_timeout = 0;
SET idle_in_transaction_session_timeout = 0;
SET client_encoding = 'UTF8';
SET standard_conforming_strings = on;
SELECT pg_catalog.set_config('search_path', '', false);
SET check_function_bodies = false;
SET xmloption = content;
SET client_min_messages = warning;
SET row_security = off;

SET default_tablespace = '';

SET default_table_access_method = heap;

--
-- Name: auth_group; Type: TABLE; Schema: public; Owner: rokas
--

CREATE TABLE public.auth_group (
    id integer NOT NULL,
    name character varying(150) NOT NULL
);


ALTER TABLE public.auth_group OWNER TO rokas;

--
-- Name: auth_group_id_seq; Type: SEQUENCE; Schema: public; Owner: rokas
--

ALTER TABLE public.auth_group ALTER COLUMN id ADD GENERATED BY DEFAULT AS IDENTITY (
    SEQUENCE NAME public.auth_group_id_seq
    START WITH 1
    INCREMENT BY 1
    NO MINVALUE
    NO MAXVALUE
    CACHE 1
);


--
-- Name: auth_group_permissions; Type: TABLE; Schema: public; Owner: rokas
--

CREATE TABLE public.auth_group_permissions (
    id bigint NOT NULL,
    group_id integer NOT NULL,
    permission_id integer NOT NULL
);


ALTER TABLE public.auth_group_permissions OWNER TO rokas;

--
-- Name: auth_group_permissions_id_seq; Type: SEQUENCE; Schema: public; Owner: rokas
--

ALTER TABLE public.auth_group_permissions ALTER COLUMN id ADD GENERATED BY DEFAULT AS IDENTITY (
    SEQUENCE NAME public.auth_group_permissions_id_seq
    START WITH 1
    INCREMENT BY 1
    NO MINVALUE
    NO MAXVALUE
    CACHE 1
);


--
-- Name: auth_permission; Type: TABLE; Schema: public; Owner: rokas
--

CREATE TABLE public.auth_permission (
    id integer NOT NULL,
    name character varying(255) NOT NULL,
    content_type_id integer NOT NULL,
    codename character varying(100) NOT NULL
);


ALTER TABLE public.auth_permission OWNER TO rokas;

--
-- Name: auth_permission_id_seq; Type: SEQUENCE; Schema: public; Owner: rokas
--

ALTER TABLE public.auth_permission ALTER COLUMN id ADD GENERATED BY DEFAULT AS IDENTITY (
    SEQUENCE NAME public.auth_permission_id_seq
    START WITH 1
    INCREMENT BY 1
    NO MINVALUE
    NO MAXVALUE
    CACHE 1
);


--
-- Name: django_admin_log; Type: TABLE; Schema: public; Owner: rokas
--

CREATE TABLE public.django_admin_log (
    id integer NOT NULL,
    action_time timestamp with time zone NOT NULL,
    object_id text,
    object_repr character varying(200) NOT NULL,
    action_flag smallint NOT NULL,
    change_message text NOT NULL,
    content_type_id integer,
    user_id bigint NOT NULL,
    CONSTRAINT django_admin_log_action_flag_check CHECK ((action_flag >= 0))
);


ALTER TABLE public.django_admin_log OWNER TO rokas;

--
-- Name: django_admin_log_id_seq; Type: SEQUENCE; Schema: public; Owner: rokas
--

ALTER TABLE public.django_admin_log ALTER COLUMN id ADD GENERATED BY DEFAULT AS IDENTITY (
    SEQUENCE NAME public.django_admin_log_id_seq
    START WITH 1
    INCREMENT BY 1
    NO MINVALUE
    NO MAXVALUE
    CACHE 1
);


--
-- Name: django_content_type; Type: TABLE; Schema: public; Owner: rokas
--

CREATE TABLE public.django_content_type (
    id integer NOT NULL,
    app_label character varying(100) NOT NULL,
    model character varying(100) NOT NULL
);


ALTER TABLE public.django_content_type OWNER TO rokas;

--
-- Name: django_content_type_id_seq; Type: SEQUENCE; Schema: public; Owner: rokas
--

ALTER TABLE public.django_content_type ALTER COLUMN id ADD GENERATED BY DEFAULT AS IDENTITY (
    SEQUENCE NAME public.django_content_type_id_seq
    START WITH 1
    INCREMENT BY 1
    NO MINVALUE
    NO MAXVALUE
    CACHE 1
);


--
-- Name: django_migrations; Type: TABLE; Schema: public; Owner: rokas
--

CREATE TABLE public.django_migrations (
    id bigint NOT NULL,
    app character varying(255) NOT NULL,
    name character varying(255) NOT NULL,
    applied timestamp with time zone NOT NULL
);


ALTER TABLE public.django_migrations OWNER TO rokas;

--
-- Name: django_migrations_id_seq; Type: SEQUENCE; Schema: public; Owner: rokas
--

ALTER TABLE public.django_migrations ALTER COLUMN id ADD GENERATED BY DEFAULT AS IDENTITY (
    SEQUENCE NAME public.django_migrations_id_seq
    START WITH 1
    INCREMENT BY 1
    NO MINVALUE
    NO MAXVALUE
    CACHE 1
);


--
-- Name: django_session; Type: TABLE; Schema: public; Owner: rokas
--

CREATE TABLE public.django_session (
    session_key character varying(40) NOT NULL,
    session_data text NOT NULL,
    expire_date timestamp with time zone NOT NULL
);


ALTER TABLE public.django_session OWNER TO rokas;

--
-- Name: games_game; Type: TABLE; Schema: public; Owner: rokas
--

CREATE TABLE public.games_game (
    id bigint NOT NULL,
    title character varying(100) NOT NULL,
    publisher character varying(100) NOT NULL,
    developer character varying(100) NOT NULL,
    year integer NOT NULL,
    image_url character varying(200) NOT NULL,
    owner_id bigint NOT NULL,
    CONSTRAINT games_game_year_check CHECK ((year >= 0))
);


ALTER TABLE public.games_game OWNER TO rokas;

--
-- Name: games_game_genres; Type: TABLE; Schema: public; Owner: rokas
--

CREATE TABLE public.games_game_genres (
    id bigint NOT NULL,
    game_id bigint NOT NULL,
    genre_id bigint NOT NULL
);


ALTER TABLE public.games_game_genres OWNER TO rokas;

--
-- Name: games_game_genres_id_seq; Type: SEQUENCE; Schema: public; Owner: rokas
--

ALTER TABLE public.games_game_genres ALTER COLUMN id ADD GENERATED BY DEFAULT AS IDENTITY (
    SEQUENCE NAME public.games_game_genres_id_seq
    START WITH 1
    INCREMENT BY 1
    NO MINVALUE
    NO MAXVALUE
    CACHE 1
);


--
-- Name: games_game_id_seq; Type: SEQUENCE; Schema: public; Owner: rokas
--

ALTER TABLE public.games_game ALTER COLUMN id ADD GENERATED BY DEFAULT AS IDENTITY (
    SEQUENCE NAME public.games_game_id_seq
    START WITH 1
    INCREMENT BY 1
    NO MINVALUE
    NO MAXVALUE
    CACHE 1
);


--
-- Name: genres_genre; Type: TABLE; Schema: public; Owner: rokas
--

CREATE TABLE public.genres_genre (
    id bigint NOT NULL,
    name character varying(25) NOT NULL
);


ALTER TABLE public.genres_genre OWNER TO rokas;

--
-- Name: genres_genre_id_seq; Type: SEQUENCE; Schema: public; Owner: rokas
--

ALTER TABLE public.genres_genre ALTER COLUMN id ADD GENERATED BY DEFAULT AS IDENTITY (
    SEQUENCE NAME public.genres_genre_id_seq
    START WITH 1
    INCREMENT BY 1
    NO MINVALUE
    NO MAXVALUE
    CACHE 1
);


--
-- Name: jwt_auth_user; Type: TABLE; Schema: public; Owner: rokas
--

CREATE TABLE public.jwt_auth_user (
    id bigint NOT NULL,
    password character varying(128) NOT NULL,
    last_login timestamp with time zone,
    is_superuser boolean NOT NULL,
    first_name character varying(150) NOT NULL,
    last_name character varying(150) NOT NULL,
    is_staff boolean NOT NULL,
    is_active boolean NOT NULL,
    date_joined timestamp with time zone NOT NULL,
    username character varying(50) NOT NULL,
    email character varying(50) NOT NULL,
    profile_image character varying(500) NOT NULL
);


ALTER TABLE public.jwt_auth_user OWNER TO rokas;

--
-- Name: jwt_auth_user_groups; Type: TABLE; Schema: public; Owner: rokas
--

CREATE TABLE public.jwt_auth_user_groups (
    id bigint NOT NULL,
    user_id bigint NOT NULL,
    group_id integer NOT NULL
);


ALTER TABLE public.jwt_auth_user_groups OWNER TO rokas;

--
-- Name: jwt_auth_user_groups_id_seq; Type: SEQUENCE; Schema: public; Owner: rokas
--

ALTER TABLE public.jwt_auth_user_groups ALTER COLUMN id ADD GENERATED BY DEFAULT AS IDENTITY (
    SEQUENCE NAME public.jwt_auth_user_groups_id_seq
    START WITH 1
    INCREMENT BY 1
    NO MINVALUE
    NO MAXVALUE
    CACHE 1
);


--
-- Name: jwt_auth_user_id_seq; Type: SEQUENCE; Schema: public; Owner: rokas
--

ALTER TABLE public.jwt_auth_user ALTER COLUMN id ADD GENERATED BY DEFAULT AS IDENTITY (
    SEQUENCE NAME public.jwt_auth_user_id_seq
    START WITH 1
    INCREMENT BY 1
    NO MINVALUE
    NO MAXVALUE
    CACHE 1
);


--
-- Name: jwt_auth_user_user_permissions; Type: TABLE; Schema: public; Owner: rokas
--

CREATE TABLE public.jwt_auth_user_user_permissions (
    id bigint NOT NULL,
    user_id bigint NOT NULL,
    permission_id integer NOT NULL
);


ALTER TABLE public.jwt_auth_user_user_permissions OWNER TO rokas;

--
-- Name: jwt_auth_user_user_permissions_id_seq; Type: SEQUENCE; Schema: public; Owner: rokas
--

ALTER TABLE public.jwt_auth_user_user_permissions ALTER COLUMN id ADD GENERATED BY DEFAULT AS IDENTITY (
    SEQUENCE NAME public.jwt_auth_user_user_permissions_id_seq
    START WITH 1
    INCREMENT BY 1
    NO MINVALUE
    NO MAXVALUE
    CACHE 1
);


--
-- Name: reviews_review; Type: TABLE; Schema: public; Owner: rokas
--

CREATE TABLE public.reviews_review (
    id bigint NOT NULL,
    title character varying(50) NOT NULL,
    text text NOT NULL,
    created_at timestamp with time zone NOT NULL,
    game_id bigint NOT NULL,
    owner_id bigint NOT NULL,
    rating integer NOT NULL,
    user_name character varying(50) NOT NULL
);


ALTER TABLE public.reviews_review OWNER TO rokas;

--
-- Name: reviews_review_id_seq; Type: SEQUENCE; Schema: public; Owner: rokas
--

ALTER TABLE public.reviews_review ALTER COLUMN id ADD GENERATED BY DEFAULT AS IDENTITY (
    SEQUENCE NAME public.reviews_review_id_seq
    START WITH 1
    INCREMENT BY 1
    NO MINVALUE
    NO MAXVALUE
    CACHE 1
);


--
-- Data for Name: auth_group; Type: TABLE DATA; Schema: public; Owner: rokas
--

COPY public.auth_group (id, name) FROM stdin;
\.


--
-- Data for Name: auth_group_permissions; Type: TABLE DATA; Schema: public; Owner: rokas
--

COPY public.auth_group_permissions (id, group_id, permission_id) FROM stdin;
\.


--
-- Data for Name: auth_permission; Type: TABLE DATA; Schema: public; Owner: rokas
--

COPY public.auth_permission (id, name, content_type_id, codename) FROM stdin;
1	Can add log entry	1	add_logentry
2	Can change log entry	1	change_logentry
3	Can delete log entry	1	delete_logentry
4	Can view log entry	1	view_logentry
5	Can add permission	2	add_permission
6	Can change permission	2	change_permission
7	Can delete permission	2	delete_permission
8	Can view permission	2	view_permission
9	Can add group	3	add_group
10	Can change group	3	change_group
11	Can delete group	3	delete_group
12	Can view group	3	view_group
13	Can add content type	4	add_contenttype
14	Can change content type	4	change_contenttype
15	Can delete content type	4	delete_contenttype
16	Can view content type	4	view_contenttype
17	Can add session	5	add_session
18	Can change session	5	change_session
19	Can delete session	5	delete_session
20	Can view session	5	view_session
21	Can add game	6	add_game
22	Can change game	6	change_game
23	Can delete game	6	delete_game
24	Can view game	6	view_game
25	Can add review	7	add_review
26	Can change review	7	change_review
27	Can delete review	7	delete_review
28	Can view review	7	view_review
29	Can add genre	8	add_genre
30	Can change genre	8	change_genre
31	Can delete genre	8	delete_genre
32	Can view genre	8	view_genre
33	Can add user	9	add_user
34	Can change user	9	change_user
35	Can delete user	9	delete_user
36	Can view user	9	view_user
\.


--
-- Data for Name: django_admin_log; Type: TABLE DATA; Schema: public; Owner: rokas
--

COPY public.django_admin_log (id, action_time, object_id, object_repr, action_flag, change_message, content_type_id, user_id) FROM stdin;
1	2023-01-23 14:55:58.5809+00	1	Action	1	[{"added": {}}]	8	1
2	2023-01-23 14:56:04.442033+00	2	Adventure	1	[{"added": {}}]	8	1
3	2023-01-23 14:56:35.300951+00	1	Gameeee - (1211)	1	[{"added": {}}]	6	1
4	2023-01-23 14:58:20.330596+00	1	Great game	1	[{"added": {}}]	7	1
5	2023-01-23 23:14:10.033585+00	1	Gameeee - (1211)	3		6	1
6	2023-01-23 23:14:33.772718+00	2	Adventure	3		8	1
7	2023-01-23 23:14:38.665109+00	1	Action	3		8	1
8	2023-01-23 23:19:45.252329+00	3	Action	1	[{"added": {}}]	8	1
9	2023-01-23 23:19:49.493467+00	4	Adventure	1	[{"added": {}}]	8	1
10	2023-01-23 23:19:53.709911+00	5	FPS	1	[{"added": {}}]	8	1
11	2023-01-23 23:20:37.098086+00	2	Game - (2023)	1	[{"added": {}}]	6	1
\.


--
-- Data for Name: django_content_type; Type: TABLE DATA; Schema: public; Owner: rokas
--

COPY public.django_content_type (id, app_label, model) FROM stdin;
1	admin	logentry
2	auth	permission
3	auth	group
4	contenttypes	contenttype
5	sessions	session
6	games	game
7	reviews	review
8	genres	genre
9	jwt_auth	user
\.


--
-- Data for Name: django_migrations; Type: TABLE DATA; Schema: public; Owner: rokas
--

COPY public.django_migrations (id, app, name, applied) FROM stdin;
1	contenttypes	0001_initial	2023-01-23 14:52:51.191359+00
2	contenttypes	0002_remove_content_type_name	2023-01-23 14:52:51.201249+00
3	auth	0001_initial	2023-01-23 14:52:51.236762+00
4	auth	0002_alter_permission_name_max_length	2023-01-23 14:52:51.242481+00
5	auth	0003_alter_user_email_max_length	2023-01-23 14:52:51.248088+00
6	auth	0004_alter_user_username_opts	2023-01-23 14:52:51.254311+00
7	auth	0005_alter_user_last_login_null	2023-01-23 14:52:51.260619+00
8	auth	0006_require_contenttypes_0002	2023-01-23 14:52:51.262413+00
9	auth	0007_alter_validators_add_error_messages	2023-01-23 14:52:51.268375+00
10	auth	0008_alter_user_username_max_length	2023-01-23 14:52:51.274699+00
11	auth	0009_alter_user_last_name_max_length	2023-01-23 14:52:51.280022+00
12	auth	0010_alter_group_name_max_length	2023-01-23 14:52:51.286728+00
13	auth	0011_update_proxy_permissions	2023-01-23 14:52:51.29298+00
14	auth	0012_alter_user_first_name_max_length	2023-01-23 14:52:51.297832+00
15	jwt_auth	0001_initial	2023-01-23 14:52:51.335988+00
16	admin	0001_initial	2023-01-23 14:52:51.352966+00
17	admin	0002_logentry_remove_auto_add	2023-01-23 14:52:51.361219+00
18	admin	0003_logentry_add_action_flag_choices	2023-01-23 14:52:51.368822+00
19	genres	0001_initial	2023-01-23 14:52:51.373779+00
20	games	0001_initial	2023-01-23 14:52:51.395475+00
21	games	0002_initial	2023-01-23 14:52:51.408514+00
22	reviews	0001_initial	2023-01-23 14:52:51.429085+00
23	sessions	0001_initial	2023-01-23 14:52:51.439433+00
24	reviews	0002_review_rating	2023-02-05 23:54:15.582385+00
25	reviews	0002_alter_review_text	2023-02-06 15:25:37.015729+00
26	reviews	0003_review_user_name	2023-02-06 16:17:57.536264+00
\.


--
-- Data for Name: django_session; Type: TABLE DATA; Schema: public; Owner: rokas
--

COPY public.django_session (session_key, session_data, expire_date) FROM stdin;
fj8nw61908ulhvw4khhdywxkyrinczrg	.eJxVjL0OAiEQhN-F2hAWEFhLe5_hssAipwaS-6mM7-5dcoUW08z3zbzFQOtSh3XmaRizuAgQp98uUnpy20F-ULt3mXpbpjHKXZEHneWtZ35dD_fvoNJct3VACJlJZ2CbEC1oMGfvrS7RxlI0bMFQmNAE43zg4tCiIaW0Ux68-HwB1Bk3AA:1pJyEN:f9OPNWI-z0BIJAmQLvCt5e0KnF1ub7RPCX4CgXqxzSQ	2023-02-06 14:55:31.717699+00
\.


--
-- Data for Name: games_game; Type: TABLE DATA; Schema: public; Owner: rokas
--

COPY public.games_game (id, title, publisher, developer, year, image_url, owner_id) FROM stdin;
17	game	pub	dev	2222	https://i.imgur.com/oXZWISa.jpg	1
18	game	pub	dev	2222	https://i.imgur.com/oXZWISa.jpg	1
19	game	pub	dev	2222	https://i.imgur.com/oXZWISa.jpg	1
20	game	pub	dev	2222	https://i.imgur.com/oXZWISa.jpg	1
4	updated game	updated Game	updated Game	2023	https://i.imgur.com/oXZWISa.jpg	1
6	game	pub	dev	2222	https://i.imgur.com/oXZWISa.jpg	1
7	game	pub	dev	2222	https://i.imgur.com/oXZWISa.jpg	1
8	game	pub	dev	2222	https://i.imgur.com/oXZWISa.jpg	1
9	game	pub	dev	2222	https://i.imgur.com/oXZWISa.jpg	1
10	game	pub	dev	2222	https://i.imgur.com/oXZWISa.jpg	1
11	game	pub	dev	2222	https://i.imgur.com/oXZWISa.jpg	1
12	game	pub	dev	2222	https://i.imgur.com/oXZWISa.jpg	1
13	game	pub	dev	2222	https://i.imgur.com/oXZWISa.jpg	1
14	game	pub	dev	2222	https://i.imgur.com/oXZWISa.jpg	1
15	game	pub	dev	2222	https://i.imgur.com/oXZWISa.jpg	1
16	game	pub	dev	2222	https://i.imgur.com/oXZWISa.jpg	1
21	game	pub	dev	2222	https://i.imgur.com/oXZWISa.jpg	1
22	game	pub	dev	2222	https://i.imgur.com/oXZWISa.jpg	1
23	game	pub	dev	2222	https://i.imgur.com/oXZWISa.jpg	1
24	game	pub	dev	2222	https://i.imgur.com/oXZWISa.jpg	1
25	game	pub	dev	2222	https://i.imgur.com/oXZWISa.jpg	1
26	asdasd	asdasda	dsdasdasd	2222	https://i.imgur.com/oXZWISa.jpg	1
27	creating new one	pub	dev	2023	https://i.imgur.com/kiBg4Tu.jpg	1
29	asdasd	asdasdas	dasdw	2	https://i.imgur.com/kiBg4Tu.jpg	3
\.


--
-- Data for Name: games_game_genres; Type: TABLE DATA; Schema: public; Owner: rokas
--

COPY public.games_game_genres (id, game_id, genre_id) FROM stdin;
6	4	3
10	4	4
11	4	5
12	11	3
13	26	3
17	27	4
18	27	5
20	29	3
\.


--
-- Data for Name: genres_genre; Type: TABLE DATA; Schema: public; Owner: rokas
--

COPY public.genres_genre (id, name) FROM stdin;
3	Action
4	Adventure
5	FPS
\.


--
-- Data for Name: jwt_auth_user; Type: TABLE DATA; Schema: public; Owner: rokas
--

COPY public.jwt_auth_user (id, password, last_login, is_superuser, first_name, last_name, is_staff, is_active, date_joined, username, email, profile_image) FROM stdin;
2	pbkdf2_sha256$390000$b8olYS2bbzmsbX2pFW0J6u$gqZK0oo4WoBqDVCq/g0/CRqe/82NO0+Rmbqi07xWeN8=	\N	f			f	t	2023-01-23 22:57:21.104347+00	rokas1	rokas1@email.com	
3	pbkdf2_sha256$390000$ChOssvcDrd4hEPubS0uSrd$yCtY9oA8ELJEMcOT6lydh/5kd9gZZjn+IXx+ooLYXv0=	\N	f			f	t	2023-02-05 22:33:33.641268+00	rokas1112	rokas1112@email.com	
1	rokas	2023-01-23 14:55:31.713803+00	t			t	t	2023-01-23 14:53:28.028145+00	rokas	rokas"	
\.


--
-- Data for Name: jwt_auth_user_groups; Type: TABLE DATA; Schema: public; Owner: rokas
--

COPY public.jwt_auth_user_groups (id, user_id, group_id) FROM stdin;
\.


--
-- Data for Name: jwt_auth_user_user_permissions; Type: TABLE DATA; Schema: public; Owner: rokas
--

COPY public.jwt_auth_user_user_permissions (id, user_id, permission_id) FROM stdin;
\.


--
-- Data for Name: reviews_review; Type: TABLE DATA; Schema: public; Owner: rokas
--

COPY public.reviews_review (id, title, text, created_at, game_id, owner_id, rating, user_name) FROM stdin;
13	asilo berete	mazas mazas mazas byby	2023-02-06 13:10:30.457729+00	4	2	10	
1	great game	great game, enjoyed a lot.	2023-02-06 00:25:25.299+00	4	1	9	
14	Recipe	In a large mixing bowl, whisk together buttermilk, hot sauce (optional, for added flavor), salt, and pepper in a mixing bowl. Add in chicken pieces. Cover the bowl with plastic wrap and refrigerate 4 hours. When ready to cook, pour the vegetable oil in a skillet until it is about 3/4 inch deep. Heat to 350 degrees. Prepare the breading by combining the flour, cornstarch, onion powder, garlic powder, oregano, basil, white pepper, cayenne pepper, paprika, and salt in a gallon sized resealable plastic bag or shallow dish. Mix it thoroughly. Working one at a time, remove chicken pieces from buttermilk mixture. Shake it gently to remove the excess. Place it in the breading mix and coat thoroughly. Tap off the excess. Place the breaded chicken into the 350 degree oil. Fry 3 or 4 pieces at a time. The chicken will drop the temperature of the oil so keep it as close to 350 degrees as possible. Fry each piece for 14 minutes, turning each piece about half way through, until the chicken reaches an internal temperature of 165 degrees F. Remove from the oil and place on paper towels. Let them rest for at least 10 minutes before serving.	2023-02-06 15:26:00.893507+00	4	1	10	
15	new	asjdhasdhajsd	2023-02-06 16:08:16.014353+00	4	1	9	
16	bbs	new bbs	2023-02-06 16:18:29.756347+00	4	1	9	rokas
17	new review	newest of the new	2023-02-06 17:31:18.092719+00	4	1	9	rokas
18	adding one now	asdad	2023-02-06 18:33:24.525184+00	17	1	1	rokas
19	new review	asdjhasdkasd	2023-02-06 19:09:55.779145+00	18	1	2	rokas
\.


--
-- Name: auth_group_id_seq; Type: SEQUENCE SET; Schema: public; Owner: rokas
--

SELECT pg_catalog.setval('public.auth_group_id_seq', 1, false);


--
-- Name: auth_group_permissions_id_seq; Type: SEQUENCE SET; Schema: public; Owner: rokas
--

SELECT pg_catalog.setval('public.auth_group_permissions_id_seq', 1, false);


--
-- Name: auth_permission_id_seq; Type: SEQUENCE SET; Schema: public; Owner: rokas
--

SELECT pg_catalog.setval('public.auth_permission_id_seq', 36, true);


--
-- Name: django_admin_log_id_seq; Type: SEQUENCE SET; Schema: public; Owner: rokas
--

SELECT pg_catalog.setval('public.django_admin_log_id_seq', 11, true);


--
-- Name: django_content_type_id_seq; Type: SEQUENCE SET; Schema: public; Owner: rokas
--

SELECT pg_catalog.setval('public.django_content_type_id_seq', 9, true);


--
-- Name: django_migrations_id_seq; Type: SEQUENCE SET; Schema: public; Owner: rokas
--

SELECT pg_catalog.setval('public.django_migrations_id_seq', 26, true);


--
-- Name: games_game_genres_id_seq; Type: SEQUENCE SET; Schema: public; Owner: rokas
--

SELECT pg_catalog.setval('public.games_game_genres_id_seq', 21, true);


--
-- Name: games_game_id_seq; Type: SEQUENCE SET; Schema: public; Owner: rokas
--

SELECT pg_catalog.setval('public.games_game_id_seq', 29, true);


--
-- Name: genres_genre_id_seq; Type: SEQUENCE SET; Schema: public; Owner: rokas
--

SELECT pg_catalog.setval('public.genres_genre_id_seq', 5, true);


--
-- Name: jwt_auth_user_groups_id_seq; Type: SEQUENCE SET; Schema: public; Owner: rokas
--

SELECT pg_catalog.setval('public.jwt_auth_user_groups_id_seq', 1, false);


--
-- Name: jwt_auth_user_id_seq; Type: SEQUENCE SET; Schema: public; Owner: rokas
--

SELECT pg_catalog.setval('public.jwt_auth_user_id_seq', 3, true);


--
-- Name: jwt_auth_user_user_permissions_id_seq; Type: SEQUENCE SET; Schema: public; Owner: rokas
--

SELECT pg_catalog.setval('public.jwt_auth_user_user_permissions_id_seq', 1, false);


--
-- Name: reviews_review_id_seq; Type: SEQUENCE SET; Schema: public; Owner: rokas
--

SELECT pg_catalog.setval('public.reviews_review_id_seq', 19, true);


--
-- Name: auth_group auth_group_name_key; Type: CONSTRAINT; Schema: public; Owner: rokas
--

ALTER TABLE ONLY public.auth_group
    ADD CONSTRAINT auth_group_name_key UNIQUE (name);


--
-- Name: auth_group_permissions auth_group_permissions_group_id_permission_id_0cd325b0_uniq; Type: CONSTRAINT; Schema: public; Owner: rokas
--

ALTER TABLE ONLY public.auth_group_permissions
    ADD CONSTRAINT auth_group_permissions_group_id_permission_id_0cd325b0_uniq UNIQUE (group_id, permission_id);


--
-- Name: auth_group_permissions auth_group_permissions_pkey; Type: CONSTRAINT; Schema: public; Owner: rokas
--

ALTER TABLE ONLY public.auth_group_permissions
    ADD CONSTRAINT auth_group_permissions_pkey PRIMARY KEY (id);


--
-- Name: auth_group auth_group_pkey; Type: CONSTRAINT; Schema: public; Owner: rokas
--

ALTER TABLE ONLY public.auth_group
    ADD CONSTRAINT auth_group_pkey PRIMARY KEY (id);


--
-- Name: auth_permission auth_permission_content_type_id_codename_01ab375a_uniq; Type: CONSTRAINT; Schema: public; Owner: rokas
--

ALTER TABLE ONLY public.auth_permission
    ADD CONSTRAINT auth_permission_content_type_id_codename_01ab375a_uniq UNIQUE (content_type_id, codename);


--
-- Name: auth_permission auth_permission_pkey; Type: CONSTRAINT; Schema: public; Owner: rokas
--

ALTER TABLE ONLY public.auth_permission
    ADD CONSTRAINT auth_permission_pkey PRIMARY KEY (id);


--
-- Name: django_admin_log django_admin_log_pkey; Type: CONSTRAINT; Schema: public; Owner: rokas
--

ALTER TABLE ONLY public.django_admin_log
    ADD CONSTRAINT django_admin_log_pkey PRIMARY KEY (id);


--
-- Name: django_content_type django_content_type_app_label_model_76bd3d3b_uniq; Type: CONSTRAINT; Schema: public; Owner: rokas
--

ALTER TABLE ONLY public.django_content_type
    ADD CONSTRAINT django_content_type_app_label_model_76bd3d3b_uniq UNIQUE (app_label, model);


--
-- Name: django_content_type django_content_type_pkey; Type: CONSTRAINT; Schema: public; Owner: rokas
--

ALTER TABLE ONLY public.django_content_type
    ADD CONSTRAINT django_content_type_pkey PRIMARY KEY (id);


--
-- Name: django_migrations django_migrations_pkey; Type: CONSTRAINT; Schema: public; Owner: rokas
--

ALTER TABLE ONLY public.django_migrations
    ADD CONSTRAINT django_migrations_pkey PRIMARY KEY (id);


--
-- Name: django_session django_session_pkey; Type: CONSTRAINT; Schema: public; Owner: rokas
--

ALTER TABLE ONLY public.django_session
    ADD CONSTRAINT django_session_pkey PRIMARY KEY (session_key);


--
-- Name: games_game_genres games_game_genres_game_id_genre_id_acd9b437_uniq; Type: CONSTRAINT; Schema: public; Owner: rokas
--

ALTER TABLE ONLY public.games_game_genres
    ADD CONSTRAINT games_game_genres_game_id_genre_id_acd9b437_uniq UNIQUE (game_id, genre_id);


--
-- Name: games_game_genres games_game_genres_pkey; Type: CONSTRAINT; Schema: public; Owner: rokas
--

ALTER TABLE ONLY public.games_game_genres
    ADD CONSTRAINT games_game_genres_pkey PRIMARY KEY (id);


--
-- Name: games_game games_game_pkey; Type: CONSTRAINT; Schema: public; Owner: rokas
--

ALTER TABLE ONLY public.games_game
    ADD CONSTRAINT games_game_pkey PRIMARY KEY (id);


--
-- Name: genres_genre genres_genre_pkey; Type: CONSTRAINT; Schema: public; Owner: rokas
--

ALTER TABLE ONLY public.genres_genre
    ADD CONSTRAINT genres_genre_pkey PRIMARY KEY (id);


--
-- Name: jwt_auth_user jwt_auth_user_email_key; Type: CONSTRAINT; Schema: public; Owner: rokas
--

ALTER TABLE ONLY public.jwt_auth_user
    ADD CONSTRAINT jwt_auth_user_email_key UNIQUE (email);


--
-- Name: jwt_auth_user_groups jwt_auth_user_groups_pkey; Type: CONSTRAINT; Schema: public; Owner: rokas
--

ALTER TABLE ONLY public.jwt_auth_user_groups
    ADD CONSTRAINT jwt_auth_user_groups_pkey PRIMARY KEY (id);


--
-- Name: jwt_auth_user_groups jwt_auth_user_groups_user_id_group_id_84ccd133_uniq; Type: CONSTRAINT; Schema: public; Owner: rokas
--

ALTER TABLE ONLY public.jwt_auth_user_groups
    ADD CONSTRAINT jwt_auth_user_groups_user_id_group_id_84ccd133_uniq UNIQUE (user_id, group_id);


--
-- Name: jwt_auth_user jwt_auth_user_pkey; Type: CONSTRAINT; Schema: public; Owner: rokas
--

ALTER TABLE ONLY public.jwt_auth_user
    ADD CONSTRAINT jwt_auth_user_pkey PRIMARY KEY (id);


--
-- Name: jwt_auth_user_user_permissions jwt_auth_user_user_permi_user_id_permission_id_d8cbf8dd_uniq; Type: CONSTRAINT; Schema: public; Owner: rokas
--

ALTER TABLE ONLY public.jwt_auth_user_user_permissions
    ADD CONSTRAINT jwt_auth_user_user_permi_user_id_permission_id_d8cbf8dd_uniq UNIQUE (user_id, permission_id);


--
-- Name: jwt_auth_user_user_permissions jwt_auth_user_user_permissions_pkey; Type: CONSTRAINT; Schema: public; Owner: rokas
--

ALTER TABLE ONLY public.jwt_auth_user_user_permissions
    ADD CONSTRAINT jwt_auth_user_user_permissions_pkey PRIMARY KEY (id);


--
-- Name: jwt_auth_user jwt_auth_user_username_key; Type: CONSTRAINT; Schema: public; Owner: rokas
--

ALTER TABLE ONLY public.jwt_auth_user
    ADD CONSTRAINT jwt_auth_user_username_key UNIQUE (username);


--
-- Name: reviews_review reviews_review_pkey; Type: CONSTRAINT; Schema: public; Owner: rokas
--

ALTER TABLE ONLY public.reviews_review
    ADD CONSTRAINT reviews_review_pkey PRIMARY KEY (id);


--
-- Name: auth_group_name_a6ea08ec_like; Type: INDEX; Schema: public; Owner: rokas
--

CREATE INDEX auth_group_name_a6ea08ec_like ON public.auth_group USING btree (name varchar_pattern_ops);


--
-- Name: auth_group_permissions_group_id_b120cbf9; Type: INDEX; Schema: public; Owner: rokas
--

CREATE INDEX auth_group_permissions_group_id_b120cbf9 ON public.auth_group_permissions USING btree (group_id);


--
-- Name: auth_group_permissions_permission_id_84c5c92e; Type: INDEX; Schema: public; Owner: rokas
--

CREATE INDEX auth_group_permissions_permission_id_84c5c92e ON public.auth_group_permissions USING btree (permission_id);


--
-- Name: auth_permission_content_type_id_2f476e4b; Type: INDEX; Schema: public; Owner: rokas
--

CREATE INDEX auth_permission_content_type_id_2f476e4b ON public.auth_permission USING btree (content_type_id);


--
-- Name: django_admin_log_content_type_id_c4bce8eb; Type: INDEX; Schema: public; Owner: rokas
--

CREATE INDEX django_admin_log_content_type_id_c4bce8eb ON public.django_admin_log USING btree (content_type_id);


--
-- Name: django_admin_log_user_id_c564eba6; Type: INDEX; Schema: public; Owner: rokas
--

CREATE INDEX django_admin_log_user_id_c564eba6 ON public.django_admin_log USING btree (user_id);


--
-- Name: django_session_expire_date_a5c62663; Type: INDEX; Schema: public; Owner: rokas
--

CREATE INDEX django_session_expire_date_a5c62663 ON public.django_session USING btree (expire_date);


--
-- Name: django_session_session_key_c0390e0f_like; Type: INDEX; Schema: public; Owner: rokas
--

CREATE INDEX django_session_session_key_c0390e0f_like ON public.django_session USING btree (session_key varchar_pattern_ops);


--
-- Name: games_game_genres_game_id_9b3d4740; Type: INDEX; Schema: public; Owner: rokas
--

CREATE INDEX games_game_genres_game_id_9b3d4740 ON public.games_game_genres USING btree (game_id);


--
-- Name: games_game_genres_genre_id_8d3275a8; Type: INDEX; Schema: public; Owner: rokas
--

CREATE INDEX games_game_genres_genre_id_8d3275a8 ON public.games_game_genres USING btree (genre_id);


--
-- Name: games_game_owner_id_c554a59d; Type: INDEX; Schema: public; Owner: rokas
--

CREATE INDEX games_game_owner_id_c554a59d ON public.games_game USING btree (owner_id);


--
-- Name: jwt_auth_user_email_f3625f05_like; Type: INDEX; Schema: public; Owner: rokas
--

CREATE INDEX jwt_auth_user_email_f3625f05_like ON public.jwt_auth_user USING btree (email varchar_pattern_ops);


--
-- Name: jwt_auth_user_groups_group_id_37150123; Type: INDEX; Schema: public; Owner: rokas
--

CREATE INDEX jwt_auth_user_groups_group_id_37150123 ON public.jwt_auth_user_groups USING btree (group_id);


--
-- Name: jwt_auth_user_groups_user_id_b78fa57c; Type: INDEX; Schema: public; Owner: rokas
--

CREATE INDEX jwt_auth_user_groups_user_id_b78fa57c ON public.jwt_auth_user_groups USING btree (user_id);


--
-- Name: jwt_auth_user_user_permissions_permission_id_53428594; Type: INDEX; Schema: public; Owner: rokas
--

CREATE INDEX jwt_auth_user_user_permissions_permission_id_53428594 ON public.jwt_auth_user_user_permissions USING btree (permission_id);


--
-- Name: jwt_auth_user_user_permissions_user_id_f2897977; Type: INDEX; Schema: public; Owner: rokas
--

CREATE INDEX jwt_auth_user_user_permissions_user_id_f2897977 ON public.jwt_auth_user_user_permissions USING btree (user_id);


--
-- Name: jwt_auth_user_username_97a79f4a_like; Type: INDEX; Schema: public; Owner: rokas
--

CREATE INDEX jwt_auth_user_username_97a79f4a_like ON public.jwt_auth_user USING btree (username varchar_pattern_ops);


--
-- Name: reviews_review_game_id_ba9906c5; Type: INDEX; Schema: public; Owner: rokas
--

CREATE INDEX reviews_review_game_id_ba9906c5 ON public.reviews_review USING btree (game_id);


--
-- Name: reviews_review_owner_id_2c97e841; Type: INDEX; Schema: public; Owner: rokas
--

CREATE INDEX reviews_review_owner_id_2c97e841 ON public.reviews_review USING btree (owner_id);


--
-- Name: auth_group_permissions auth_group_permissio_permission_id_84c5c92e_fk_auth_perm; Type: FK CONSTRAINT; Schema: public; Owner: rokas
--

ALTER TABLE ONLY public.auth_group_permissions
    ADD CONSTRAINT auth_group_permissio_permission_id_84c5c92e_fk_auth_perm FOREIGN KEY (permission_id) REFERENCES public.auth_permission(id) DEFERRABLE INITIALLY DEFERRED;


--
-- Name: auth_group_permissions auth_group_permissions_group_id_b120cbf9_fk_auth_group_id; Type: FK CONSTRAINT; Schema: public; Owner: rokas
--

ALTER TABLE ONLY public.auth_group_permissions
    ADD CONSTRAINT auth_group_permissions_group_id_b120cbf9_fk_auth_group_id FOREIGN KEY (group_id) REFERENCES public.auth_group(id) DEFERRABLE INITIALLY DEFERRED;


--
-- Name: auth_permission auth_permission_content_type_id_2f476e4b_fk_django_co; Type: FK CONSTRAINT; Schema: public; Owner: rokas
--

ALTER TABLE ONLY public.auth_permission
    ADD CONSTRAINT auth_permission_content_type_id_2f476e4b_fk_django_co FOREIGN KEY (content_type_id) REFERENCES public.django_content_type(id) DEFERRABLE INITIALLY DEFERRED;


--
-- Name: django_admin_log django_admin_log_content_type_id_c4bce8eb_fk_django_co; Type: FK CONSTRAINT; Schema: public; Owner: rokas
--

ALTER TABLE ONLY public.django_admin_log
    ADD CONSTRAINT django_admin_log_content_type_id_c4bce8eb_fk_django_co FOREIGN KEY (content_type_id) REFERENCES public.django_content_type(id) DEFERRABLE INITIALLY DEFERRED;


--
-- Name: django_admin_log django_admin_log_user_id_c564eba6_fk_jwt_auth_user_id; Type: FK CONSTRAINT; Schema: public; Owner: rokas
--

ALTER TABLE ONLY public.django_admin_log
    ADD CONSTRAINT django_admin_log_user_id_c564eba6_fk_jwt_auth_user_id FOREIGN KEY (user_id) REFERENCES public.jwt_auth_user(id) DEFERRABLE INITIALLY DEFERRED;


--
-- Name: games_game_genres games_game_genres_game_id_9b3d4740_fk_games_game_id; Type: FK CONSTRAINT; Schema: public; Owner: rokas
--

ALTER TABLE ONLY public.games_game_genres
    ADD CONSTRAINT games_game_genres_game_id_9b3d4740_fk_games_game_id FOREIGN KEY (game_id) REFERENCES public.games_game(id) DEFERRABLE INITIALLY DEFERRED;


--
-- Name: games_game_genres games_game_genres_genre_id_8d3275a8_fk_genres_genre_id; Type: FK CONSTRAINT; Schema: public; Owner: rokas
--

ALTER TABLE ONLY public.games_game_genres
    ADD CONSTRAINT games_game_genres_genre_id_8d3275a8_fk_genres_genre_id FOREIGN KEY (genre_id) REFERENCES public.genres_genre(id) DEFERRABLE INITIALLY DEFERRED;


--
-- Name: games_game games_game_owner_id_c554a59d_fk_jwt_auth_user_id; Type: FK CONSTRAINT; Schema: public; Owner: rokas
--

ALTER TABLE ONLY public.games_game
    ADD CONSTRAINT games_game_owner_id_c554a59d_fk_jwt_auth_user_id FOREIGN KEY (owner_id) REFERENCES public.jwt_auth_user(id) DEFERRABLE INITIALLY DEFERRED;


--
-- Name: jwt_auth_user_groups jwt_auth_user_groups_group_id_37150123_fk_auth_group_id; Type: FK CONSTRAINT; Schema: public; Owner: rokas
--

ALTER TABLE ONLY public.jwt_auth_user_groups
    ADD CONSTRAINT jwt_auth_user_groups_group_id_37150123_fk_auth_group_id FOREIGN KEY (group_id) REFERENCES public.auth_group(id) DEFERRABLE INITIALLY DEFERRED;


--
-- Name: jwt_auth_user_groups jwt_auth_user_groups_user_id_b78fa57c_fk_jwt_auth_user_id; Type: FK CONSTRAINT; Schema: public; Owner: rokas
--

ALTER TABLE ONLY public.jwt_auth_user_groups
    ADD CONSTRAINT jwt_auth_user_groups_user_id_b78fa57c_fk_jwt_auth_user_id FOREIGN KEY (user_id) REFERENCES public.jwt_auth_user(id) DEFERRABLE INITIALLY DEFERRED;


--
-- Name: jwt_auth_user_user_permissions jwt_auth_user_user_p_permission_id_53428594_fk_auth_perm; Type: FK CONSTRAINT; Schema: public; Owner: rokas
--

ALTER TABLE ONLY public.jwt_auth_user_user_permissions
    ADD CONSTRAINT jwt_auth_user_user_p_permission_id_53428594_fk_auth_perm FOREIGN KEY (permission_id) REFERENCES public.auth_permission(id) DEFERRABLE INITIALLY DEFERRED;


--
-- Name: jwt_auth_user_user_permissions jwt_auth_user_user_p_user_id_f2897977_fk_jwt_auth_; Type: FK CONSTRAINT; Schema: public; Owner: rokas
--

ALTER TABLE ONLY public.jwt_auth_user_user_permissions
    ADD CONSTRAINT jwt_auth_user_user_p_user_id_f2897977_fk_jwt_auth_ FOREIGN KEY (user_id) REFERENCES public.jwt_auth_user(id) DEFERRABLE INITIALLY DEFERRED;


--
-- Name: reviews_review reviews_review_game_id_ba9906c5_fk_games_game_id; Type: FK CONSTRAINT; Schema: public; Owner: rokas
--

ALTER TABLE ONLY public.reviews_review
    ADD CONSTRAINT reviews_review_game_id_ba9906c5_fk_games_game_id FOREIGN KEY (game_id) REFERENCES public.games_game(id) DEFERRABLE INITIALLY DEFERRED;


--
-- Name: reviews_review reviews_review_owner_id_2c97e841_fk_jwt_auth_user_id; Type: FK CONSTRAINT; Schema: public; Owner: rokas
--

ALTER TABLE ONLY public.reviews_review
    ADD CONSTRAINT reviews_review_owner_id_2c97e841_fk_jwt_auth_user_id FOREIGN KEY (owner_id) REFERENCES public.jwt_auth_user(id) DEFERRABLE INITIALLY DEFERRED;


--
-- PostgreSQL database dump complete
--

